fname,label
8 (477).wav,8
6 (432).wav,6
4 (785).wav,4
1 (847).wav,1
8 (578).wav,8
4 (274).wav,4
2 (65).wav,2
7 (747).wav,7
6 (851).wav,6
1 (34).wav,1
6 (384).wav,6
5 (353).wav,5
1 (88).wav,1
3 (298).wav,3
7 (87).wav,7
6 (31).wav,6
6 (670).wav,6
5 (45).wav,5
6 (207).wav,6
1 (590).wav,1
6 (139).wav,6
5 (102).wav,5
4 (130).wav,4
3 (338).wav,3
6 (225).wav,6
6 (397).wav,6
5 (237).wav,5
6 (91).wav,6
2 (29).wav,2
3 (268).wav,3
7 (229).wav,7
4 (461).wav,4
2 (315).wav,2
8 (465).wav,8
6 (523).wav,6
6 (120).wav,6
2 (437).wav,2
6 (1).wav,6
8 (627).wav,8
1 (39).wav,1
6 (11).wav,6
1 (297).wav,1
8 (614).wav,8
1 (36).wav,1
5 (207).wav,5
2 (154).wav,2
5 (31).wav,5
4 (91).wav,4
7 (625).wav,7
1 (40).wav,1
8 (410).wav,8
5 (306).wav,5
1 (630).wav,1
5 (415).wav,5
7 (185).wav,7
5 (357).wav,5
4 (560).wav,4
1 (475).wav,1
4 (459).wav,4
6 (310).wav,6
3 (266).wav,3
7 (741).wav,7
6 (48).wav,6
7 (286).wav,7
5 (462).wav,5
4 (345).wav,4
2 (182).wav,2
4 (401).wav,4
3 (642).wav,3
1 (363).wav,1
6 (752).wav,6
7 (784).wav,7
6 (547).wav,6
1 (171).wav,1
8 (8).wav,8
5 (295).wav,5
2 (212).wav,2
5 (545).wav,5
5 (440).wav,5
1 (356).wav,1
2 (317).wav,2
1 (25).wav,1
8 (89).wav,8
7 (389).wav,7
6 (799).wav,6
8 (720).wav,8
4 (115).wav,4
2 (259).wav,2
5 (149).wav,5
4 (780).wav,4
7 (190).wav,7
1 (240).wav,1
5 (413).wav,5
5 (231).wav,5
8 (562).wav,8
2 (329).wav,2
4 (474).wav,4
1 (652).wav,1
8 (56).wav,8
1 (427).wav,1
6 (728).wav,6
5 (194).wav,5
6 (590).wav,6
7 (749).wav,7
1 (651).wav,1
4 (162).wav,4
1 (73).wav,1
1 (230).wav,1
6 (527).wav,6
7 (551).wav,7
3 (602).wav,3
8 (30).wav,8
8 (314).wav,8
5 (266).wav,5
2 (446).wav,2
6 (294).wav,6
7 (570).wav,7
7 (175).wav,7
7 (213).wav,7
7 (416).wav,7
2 (298).wav,2
8 (46).wav,8
4 (378).wav,4
8 (181).wav,8
5 (97).wav,5
5 (264).wav,5
8 (613).wav,8
7 (137).wav,7
1 (595).wav,1
8 (251).wav,8
6 (693).wav,6
8 (358).wav,8
3 (605).wav,3
6 (815).wav,6
6 (324).wav,6
7 (715).wav,7
1 (192).wav,1
4 (501).wav,4
1 (835).wav,1
3 (142).wav,3
6 (558).wav,6
1 (154).wav,1
4 (377).wav,4
5 (115).wav,5
6 (776).wav,6
3 (113).wav,3
1 (314).wav,1
7 (113).wav,7
1 (844).wav,1
6 (891).wav,6
7 (250).wav,7
1 (78).wav,1
5 (217).wav,5
5 (182).wav,5
4 (488).wav,4
6 (791).wav,6
2 (119).wav,2
7 (486).wav,7
3 (665).wav,3
4 (275).wav,4
4 (360).wav,4
4 (144).wav,4
8 (156).wav,8
3 (259).wav,3
6 (117).wav,6
5 (120).wav,5
1 (545).wav,1
3 (289).wav,3
1 (83).wav,1
7 (82).wav,7
6 (42).wav,6
5 (118).wav,5
2 (500).wav,2
7 (470).wav,7
1 (393).wav,1
1 (515).wav,1
3 (210).wav,3
6 (197).wav,6
8 (117).wav,8
8 (182).wav,8
6 (63).wav,6
1 (21).wav,1
7 (448).wav,7
4 (166).wav,4
7 (166).wav,7
8 (740).wav,8
8 (420).wav,8
1 (175).wav,1
5 (512).wav,5
7 (371).wav,7
7 (21).wav,7
7 (109).wav,7
6 (154).wav,6
3 (215).wav,3
1 (66).wav,1
8 (390).wav,8
1 (60).wav,1
2 (237).wav,2
3 (631).wav,3
8 (697).wav,8
3 (544).wav,3
1 (208).wav,1
1 (705).wav,1
3 (581).wav,3
3 (525).wav,3
1 (469).wav,1
8 (712).wav,8
6 (862).wav,6
5 (446).wav,5
6 (889).wav,6
3 (478).wav,3
2 (545).wav,2
3 (12).wav,3
1 (649).wav,1
1 (763).wav,1
6 (175).wav,6
2 (572).wav,2
4 (7).wav,4
4 (511).wav,4
3 (270).wav,3
4 (595).wav,4
4 (85).wav,4
4 (577).wav,4
1 (325).wav,1
4 (691).wav,4
1 (71).wav,1
8 (401).wav,8
8 (238).wav,8
7 (771).wav,7
3 (680).wav,3
1 (370).wav,1
4 (701).wav,4
5 (340).wav,5
6 (705).wav,6
4 (75).wav,4
6 (280).wav,6
1 (637).wav,1
6 (715).wav,6
3 (319).wav,3
4 (627).wav,4
5 (123).wav,5
6 (282).wav,6
8 (579).wav,8
3 (568).wav,3
5 (317).wav,5
4 (107).wav,4
3 (208).wav,3
2 (160).wav,2
5 (51).wav,5
8 (33).wav,8
6 (68).wav,6
5 (199).wav,5
2 (583).wav,2
1 (697).wav,1
7 (273).wav,7
6 (133).wav,6
7 (700).wav,7
1 (726).wav,1
6 (648).wav,6
8 (172).wav,8
3 (55).wav,3
3 (103).wav,3
4 (661).wav,4
6 (486).wav,6
8 (288).wav,8
2 (486).wav,2
8 (310).wav,8
8 (636).wav,8
4 (449).wav,4
5 (514).wav,5
7 (680).wav,7
3 (417).wav,3
6 (337).wav,6
7 (373).wav,7
6 (374).wav,6
5 (236).wav,5
5 (223).wav,5
1 (408).wav,1
8 (741).wav,8
1 (129).wav,1
6 (86).wav,6
6 (887).wav,6
4 (197).wav,4
4 (538).wav,4
3 (18).wav,3
7 (549).wav,7
6 (664).wav,6
4 (49).wav,4
6 (377).wav,6
5 (367).wav,5
4 (190).wav,4
5 (230).wav,5
7 (737).wav,7
8 (644).wav,8
6 (875).wav,6
3 (662).wav,3
4 (680).wav,4
1 (571).wav,1
8 (473).wav,8
1 (57).wav,1
7 (95).wav,7
7 (437).wav,7
6 (360).wav,6
8 (153).wav,8
4 (478).wav,4
4 (339).wav,4
3 (87).wav,3
5 (314).wav,5
5 (485).wav,5
5 (125).wav,5
8 (12).wav,8
2 (60).wav,2
8 (503).wav,8
3 (131).wav,3
3 (369).wav,3
8 (269).wav,8
2 (340).wav,2
7 (661).wav,7
5 (498).wav,5
7 (506).wav,7
5 (19).wav,5
3 (132).wav,3
6 (575).wav,6
4 (306).wav,4
7 (523).wav,7
4 (282).wav,4
5 (505).wav,5
1 (803).wav,1
7 (460).wav,7
1 (107).wav,1
8 (263).wav,8
5 (38).wav,5
1 (617).wav,1
2 (36).wav,2
5 (393).wav,5
3 (263).wav,3
1 (180).wav,1
3 (235).wav,3
8 (476).wav,8
7 (285).wav,7
7 (328).wav,7
6 (744).wav,6
1 (206).wav,1
1 (168).wav,1
8 (318).wav,8
4 (668).wav,4
4 (457).wav,4
2 (326).wav,2
7 (753).wav,7
3 (458).wav,3
4 (684).wav,4
6 (736).wav,6
2 (368).wav,2
6 (129).wav,6
7 (481).wav,7
7 (333).wav,7
1 (620).wav,1
4 (160).wav,4
2 (354).wav,2
2 (597).wav,2
6 (209).wav,6
5 (366).wav,5
1 (45).wav,1
3 (647).wav,3
4 (249).wav,4
8 (97).wav,8
4 (770).wav,4
3 (590).wav,3
5 (112).wav,5
1 (65).wav,1
3 (99).wav,3
1 (646).wav,1
8 (347).wav,8
1 (810).wav,1
8 (308).wav,8
1 (369).wav,1
5 (81).wav,5
1 (317).wav,1
4 (546).wav,4
6 (199).wav,6
7 (262).wav,7
8 (748).wav,8
4 (589).wav,4
4 (318).wav,4
6 (456).wav,6
4 (585).wav,4
4 (721).wav,4
6 (161).wav,6
6 (258).wav,6
4 (134).wav,4
4 (741).wav,4
5 (126).wav,5
3 (358).wav,3
4 (331).wav,4
2 (102).wav,2
8 (485).wav,8
5 (132).wav,5
7 (120).wav,7
7 (559).wav,7
8 (704).wav,8
4 (651).wav,4
4 (211).wav,4
3 (676).wav,3
1 (572).wav,1
6 (602).wav,6
3 (616).wav,3
2 (40).wav,2
2 (576).wav,2
6 (541).wav,6
2 (397).wav,2
2 (278).wav,2
6 (179).wav,6
8 (444).wav,8
4 (679).wav,4
4 (578).wav,4
6 (366).wav,6
1 (546).wav,1
4 (383).wav,4
5 (350).wav,5
3 (213).wav,3
3 (394).wav,3
5 (534).wav,5
8 (398).wav,8
1 (443).wav,1
7 (51).wav,7
7 (257).wav,7
3 (241).wav,3
1 (498).wav,1
3 (200).wav,3
3 (281).wav,3
6 (619).wav,6
7 (212).wav,7
8 (570).wav,8
1 (382).wav,1
7 (617).wav,7
3 (225).wav,3
4 (683).wav,4
6 (215).wav,6
1 (253).wav,1
5 (278).wav,5
2 (562).wav,2
2 (386).wav,2
4 (542).wav,4
7 (697).wav,7
6 (461).wav,6
8 (306).wav,8
8 (57).wav,8
8 (433).wav,8
4 (706).wav,4
6 (581).wav,6
6 (669).wav,6
7 (503).wav,7
6 (599).wav,6
5 (175).wav,5
2 (8).wav,2
6 (34).wav,6
8 (561).wav,8
1 (128).wav,1
6 (213).wav,6
3 (628).wav,3
2 (523).wav,2
6 (475).wav,6
6 (336).wav,6
3 (489).wav,3
7 (630).wav,7
4 (326).wav,4
8 (190).wav,8
6 (600).wav,6
7 (646).wav,7
8 (737).wav,8
8 (730).wav,8
7 (315).wav,7
6 (375).wav,6
1 (222).wav,1
6 (647).wav,6
6 (521).wav,6
4 (309).wav,4
7 (495).wav,7
8 (391).wav,8
3 (427).wav,3
6 (448).wav,6
2 (311).wav,2
5 (293).wav,5
3 (530).wav,3
6 (427).wav,6
3 (398).wav,3
4 (693).wav,4
4 (676).wav,4
8 (309).wav,8
2 (309).wav,2
4 (207).wav,4
8 (287).wav,8
3 (231).wav,3
4 (248).wav,4
8 (244).wav,8
7 (362).wav,7
4 (39).wav,4
5 (151).wav,5
8 (599).wav,8
1 (400).wav,1
5 (430).wav,5
4 (304).wav,4
7 (588).wav,7
4 (25).wav,4
3 (224).wav,3
2 (304).wav,2
4 (695).wav,4
7 (135).wav,7
5 (284).wav,5
1 (692).wav,1
6 (452).wav,6
2 (439).wav,2
7 (447).wav,7
8 (31).wav,8
3 (413).wav,3
3 (177).wav,3
8 (608).wav,8
8 (52).wav,8
4 (370).wav,4
2 (590).wav,2
3 (209).wav,3
8 (28).wav,8
1 (377).wav,1
3 (324).wav,3
7 (233).wav,7
1 (286).wav,1
4 (568).wav,4
1 (267).wav,1
1 (89).wav,1
4 (632).wav,4
1 (422).wav,1
2 (555).wav,2
3 (110).wav,3
2 (306).wav,2
8 (459).wav,8
6 (335).wav,6
2 (238).wav,2
8 (285).wav,8
5 (581).wav,5
5 (588).wav,5
3 (483).wav,3
7 (533).wav,7
6 (890).wav,6
2 (168).wav,2
7 (498).wav,7
1 (59).wav,1
1 (529).wav,1
3 (559).wav,3
2 (142).wav,2
2 (484).wav,2
7 (123).wav,7
1 (647).wav,1
7 (187).wav,7
7 (613).wav,7
6 (50).wav,6
5 (427).wav,5
1 (182).wav,1
6 (204).wav,6
7 (13).wav,7
6 (323).wav,6
2 (483).wav,2
4 (600).wav,4
1 (577).wav,1
3 (221).wav,3
4 (417).wav,4
5 (549).wav,5
3 (249).wav,3
7 (238).wav,7
2 (413).wav,2
2 (96).wav,2
7 (272).wav,7
2 (479).wav,2
7 (374).wav,7
4 (576).wav,4
7 (118).wav,7
4 (748).wav,4
1 (214).wav,1
3 (14).wav,3
4 (758).wav,4
7 (33).wav,7
2 (596).wav,2
4 (762).wav,4
4 (366).wav,4
4 (327).wav,4
3 (373).wav,3
4 (189).wav,4
7 (107).wav,7
7 (350).wav,7
1 (287).wav,1
1 (789).wav,1
4 (704).wav,4
6 (667).wav,6
1 (245).wav,1
1 (551).wav,1
3 (23).wav,3
3 (125).wav,3
2 (507).wav,2
1 (243).wav,1
3 (589).wav,3
1 (836).wav,1
4 (579).wav,4
3 (193).wav,3
2 (151).wav,2
3 (300).wav,3
4 (170).wav,4
1 (490).wav,1
4 (665).wav,4
5 (423).wav,5
2 (443).wav,2
5 (70).wav,5
2 (571).wav,2
6 (430).wav,6
5 (156).wav,5
1 (125).wav,1
1 (397).wav,1
7 (602).wav,7
2 (589).wav,2
6 (512).wav,6
5 (343).wav,5
8 (560).wav,8
8 (665).wav,8
1 (16).wav,1
4 (394).wav,4
2 (410).wav,2
7 (41).wav,7
7 (436).wav,7
1 (30).wav,1
8 (508).wav,8
6 (441).wav,6
1 (13).wav,1
8 (54).wav,8
7 (597).wav,7
1 (80).wav,1
4 (205).wav,4
1 (822).wav,1
1 (575).wav,1
5 (186).wav,5
1 (632).wav,1
7 (157).wav,7
8 (95).wav,8
7 (479).wav,7
5 (288).wav,5
5 (401).wav,5
5 (224).wav,5
1 (454).wav,1
1 (499).wav,1
1 (332).wav,1
4 (244).wav,4
3 (180).wav,3
1 (211).wav,1
7 (794).wav,7
4 (471).wav,4
1 (421).wav,1
8 (542).wav,8
3 (5).wav,3
6 (569).wav,6
5 (258).wav,5
3 (287).wav,3
2 (408).wav,2
3 (220).wav,3
6 (742).wav,6
7 (776).wav,7
4 (539).wav,4
7 (438).wav,7
6 (604).wav,6
2 (477).wav,2
7 (795).wav,7
7 (677).wav,7
7 (748).wav,7
7 (331).wav,7
1 (147).wav,1
6 (286).wav,6
3 (29).wav,3
7 (245).wav,7
1 (543).wav,1
4 (593).wav,4
1 (698).wav,1
6 (372).wav,6
3 (74).wav,3
6 (285).wav,6
3 (486).wav,3
1 (24).wav,1
7 (386).wav,7
6 (266).wav,6
1 (708).wav,1
1 (722).wav,1
3 (456).wav,3
6 (20).wav,6
4 (584).wav,4
2 (316).wav,2
4 (490).wav,4
8 (517).wav,8
7 (716).wav,7
7 (376).wav,7
3 (302).wav,3
4 (269).wav,4
8 (713).wav,8
6 (780).wav,6
5 (1).wav,5
7 (200).wav,7
6 (55).wav,6
8 (301).wav,8
3 (101).wav,3
8 (524).wav,8
7 (638).wav,7
8 (192).wav,8
6 (53).wav,6
4 (45).wav,4
2 (299).wav,2
1 (142).wav,1
3 (453).wav,3
8 (502).wav,8
8 (507).wav,8
6 (792).wav,6
6 (454).wav,6
5 (478).wav,5
6 (351).wav,6
6 (281).wav,6
8 (295).wav,8
8 (693).wav,8
4 (423).wav,4
3 (457).wav,3
7 (600).wav,7
1 (262).wav,1
8 (719).wav,8
3 (8).wav,3
4 (222).wav,4
8 (612).wav,8
7 (203).wav,7
8 (422).wav,8
2 (469).wav,2
7 (592).wav,7
1 (319).wav,1
7 (52).wav,7
3 (569).wav,3
5 (538).wav,5
2 (531).wav,2
6 (818).wav,6
3 (431).wav,3
8 (317).wav,8
7 (770).wav,7
4 (307).wav,4
3 (323).wav,3
7 (65).wav,7
6 (603).wav,6
6 (3).wav,6
4 (444).wav,4
2 (374).wav,2
5 (378).wav,5
8 (726).wav,8
1 (316).wav,1
1 (48).wav,1
4 (713).wav,4
6 (15).wav,6
7 (74).wav,7
7 (428).wav,7
3 (98).wav,3
3 (404).wav,3
4 (391).wav,4
1 (342).wav,1
6 (244).wav,6
6 (56).wav,6
5 (248).wav,5
8 (670).wav,8
6 (651).wav,6
8 (384).wav,8
2 (269).wav,2
6 (157).wav,6
8 (128).wav,8
3 (343).wav,3
4 (465).wav,4
1 (449).wav,1
2 (425).wav,2
1 (409).wav,1
6 (237).wav,6
6 (328).wav,6
8 (372).wav,8
7 (620).wav,7
1 (321).wav,1
8 (60).wav,8
6 (827).wav,6
2 (6).wav,2
1 (228).wav,1
7 (441).wav,7
6 (143).wav,6
8 (210).wav,8
8 (388).wav,8
1 (202).wav,1
1 (203).wav,1
6 (607).wav,6
8 (246).wav,8
1 (447).wav,1
1 (601).wav,1
1 (361).wav,1
1 (771).wav,1
1 (135).wav,1
4 (689).wav,4
8 (407).wav,8
7 (673).wav,7
8 (471).wav,8
7 (182).wav,7
3 (608).wav,3
7 (130).wav,7
7 (757).wav,7
1 (567).wav,1
7 (392).wav,7
6 (465).wav,6
1 (424).wav,1
6 (35).wav,6
1 (510).wav,1
1 (828).wav,1
4 (603).wav,4
3 (518).wav,3
8 (400).wav,8
7 (670).wav,7
4 (429).wav,4
3 (283).wav,3
1 (566).wav,1
4 (549).wav,4
6 (71).wav,6
3 (267).wav,3
5 (397).wav,5
7 (631).wav,7
6 (39).wav,6
6 (359).wav,6
1 (799).wav,1
8 (739).wav,8
3 (244).wav,3
7 (236).wav,7
2 (579).wav,2
1 (658).wav,1
1 (256).wav,1
1 (103).wav,1
4 (312).wav,4
6 (701).wav,6
1 (477).wav,1
3 (409).wav,3
7 (731).wav,7
8 (240).wav,8
4 (778).wav,4
7 (225).wav,7
5 (481).wav,5
8 (360).wav,8
4 (569).wav,4
6 (542).wav,6
8 (377).wav,8
6 (568).wav,6
3 (491).wav,3
2 (336).wav,2
5 (471).wav,5
2 (250).wav,2
1 (666).wav,1
2 (367).wav,2
8 (376).wav,8
2 (81).wav,2
1 (194).wav,1
3 (46).wav,3
7 (612).wav,7
1 (733).wav,1
8 (237).wav,8
8 (474).wav,8
8 (447).wav,8
8 (332).wav,8
1 (518).wav,1
6 (27).wav,6
2 (258).wav,2
1 (720).wav,1
1 (631).wav,1
1 (265).wav,1
8 (523).wav,8
7 (124).wav,7
6 (884).wav,6
6 (503).wav,6
1 (197).wav,1
4 (351).wav,4
6 (543).wav,6
4 (14).wav,4
6 (795).wav,6
7 (584).wav,7
7 (606).wav,7
2 (338).wav,2
4 (15).wav,4
2 (2).wav,2
3 (170).wav,3
3 (97).wav,3
6 (513).wav,6
7 (462).wav,7
1 (676).wav,1
1 (758).wav,1
7 (768).wav,7
8 (711).wav,8
8 (528).wav,8
3 (78).wav,3
7 (94).wav,7
7 (701).wav,7
4 (751).wav,4
6 (149).wav,6
6 (764).wav,6
8 (293).wav,8
7 (653).wav,7
6 (639).wav,6
3 (578).wav,3
6 (107).wav,6
6 (361).wav,6
6 (585).wav,6
8 (366).wav,8
5 (177).wav,5
3 (657).wav,3
3 (646).wav,3
3 (507).wav,3
1 (407).wav,1
7 (444).wav,7
3 (520).wav,3
1 (574).wav,1
7 (595).wav,7
7 (624).wav,7
1 (72).wav,1
8 (621).wav,8
6 (778).wav,6
3 (512).wav,3
6 (140).wav,6
1 (234).wav,1
8 (305).wav,8
6 (45).wav,6
6 (221).wav,6
6 (8).wav,6
3 (558).wav,3
7 (60).wav,7
8 (385).wav,8
3 (251).wav,3
6 (93).wav,6
6 (499).wav,6
5 (129).wav,5
5 (47).wav,5
6 (580).wav,6
4 (241).wav,4
5 (574).wav,5
4 (82).wav,4
3 (473).wav,3
2 (424).wav,2
4 (174).wav,4
6 (700).wav,6
3 (331).wav,3
3 (307).wav,3
6 (853).wav,6
7 (560).wav,7
5 (265).wav,5
2 (101).wav,2
4 (152).wav,4
6 (894).wav,6
6 (866).wav,6
3 (574).wav,3
6 (566).wav,6
2 (186).wav,2
3 (139).wav,3
1 (674).wav,1
6 (28).wav,6
7 (711).wav,7
6 (620).wav,6
4 (155).wav,4
5 (470).wav,5
1 (201).wav,1
6 (858).wav,6
1 (686).wav,1
6 (334).wav,6
2 (190).wav,2
1 (603).wav,1
8 (374).wav,8
8 (615).wav,8
5 (283).wav,5
4 (617).wav,4
2 (521).wav,2
7 (16).wav,7
1 (541).wav,1
7 (508).wav,7
3 (432).wav,3
8 (65).wav,8
3 (156).wav,3
7 (379).wav,7
5 (150).wav,5
6 (268).wav,6
2 (150).wav,2
8 (26).wav,8
5 (39).wav,5
1 (173).wav,1
1 (802).wav,1
6 (414).wav,6
1 (58).wav,1
3 (482).wav,3
2 (588).wav,2
4 (687).wav,4
6 (571).wav,6
7 (97).wav,7
8 (664).wav,8
8 (557).wav,8
8 (189).wav,8
1 (189).wav,1
8 (284).wav,8
4 (399).wav,4
2 (273).wav,2
8 (744).wav,8
5 (396).wav,5
7 (505).wav,7
1 (660).wav,1
2 (218).wav,2
4 (556).wav,4
1 (850).wav,1
5 (40).wav,5
8 (526).wav,8
5 (313).wav,5
6 (64).wav,6
5 (26).wav,5
2 (231).wav,2
3 (280).wav,3
1 (185).wav,1
7 (696).wav,7
5 (309).wav,5
7 (417).wav,7
8 (706).wav,8
6 (509).wav,6
1 (586).wav,1
3 (89).wav,3
4 (497).wav,4
1 (380).wav,1
7 (626).wav,7
8 (505).wav,8
1 (155).wav,1
2 (453).wav,2
8 (749).wav,8
4 (416).wav,4
2 (294).wav,2
1 (693).wav,1
3 (138).wav,3
6 (494).wav,6
8 (324).wav,8
8 (205).wav,8
8 (15).wav,8
5 (61).wav,5
7 (156).wav,7
2 (438).wav,2
8 (548).wav,8
6 (347).wav,6
2 (32).wav,2
1 (437).wav,1
5 (145).wav,5
7 (798).wav,7
7 (756).wav,7
4 (186).wav,4
7 (268).wav,7
3 (59).wav,3
5 (222).wav,5
6 (869).wav,6
4 (175).wav,4
2 (384).wav,2
7 (662).wav,7
8 (201).wav,8
4 (489).wav,4
7 (161).wav,7
4 (191).wav,4
5 (77).wav,5
3 (564).wav,3
8 (541).wav,8
7 (10).wav,7
8 (597).wav,8
5 (586).wav,5
6 (239).wav,6
2 (5).wav,2
2 (97).wav,2
6 (433).wav,6
8 (359).wav,8
3 (273).wav,3
6 (220).wav,6
4 (145).wav,4
6 (703).wav,6
1 (544).wav,1
7 (793).wav,7
7 (134).wav,7
5 (69).wav,5
1 (730).wav,1
6 (191).wav,6
2 (217).wav,2
1 (156).wav,1
1 (74).wav,1
4 (151).wav,4
5 (183).wav,5
3 (613).wav,3
6 (23).wav,6
1 (655).wav,1
4 (649).wav,4
6 (236).wav,6
5 (116).wav,5
3 (571).wav,3
8 (491).wav,8
4 (753).wav,4
8 (649).wav,8
4 (34).wav,4
4 (441).wav,4
6 (505).wav,6
7 (501).wav,7
2 (210).wav,2
4 (177).wav,4
3 (277).wav,3
7 (292).wav,7
2 (181).wav,2
8 (261).wav,8
4 (406).wav,4
2 (513).wav,2
1 (834).wav,1
7 (150).wav,7
5 (364).wav,5
8 (424).wav,8
3 (237).wav,3
1 (181).wav,1
3 (158).wav,3
7 (553).wav,7
5 (359).wav,5
1 (130).wav,1
4 (300).wav,4
3 (20).wav,3
8 (98).wav,8
8 (75).wav,8
4 (448).wav,4
7 (712).wav,7
1 (221).wav,1
3 (116).wav,3
6 (14).wav,6
2 (128).wav,2
1 (494).wav,1
1 (120).wav,1
2 (382).wav,2
5 (573).wav,5
7 (75).wav,7
2 (349).wav,2
8 (611).wav,8
8 (103).wav,8
1 (704).wav,1
8 (378).wav,8
7 (81).wav,7
1 (248).wav,1
4 (243).wav,4
6 (724).wav,6
4 (466).wav,4
1 (140).wav,1
8 (629).wav,8
6 (531).wav,6
7 (243).wav,7
2 (28).wav,2
5 (362).wav,5
7 (106).wav,7
4 (320).wav,4
3 (636).wav,3
6 (318).wav,6
2 (240).wav,2
5 (550).wav,5
5 (463).wav,5
7 (12).wav,7
3 (615).wav,3
7 (177).wav,7
7 (405).wav,7
3 (618).wav,3
8 (110).wav,8
1 (106).wav,1
7 (308).wav,7
2 (214).wav,2
1 (315).wav,1
7 (469).wav,7
4 (61).wav,4
4 (330).wav,4
6 (831).wav,6
2 (468).wav,2
2 (187).wav,2
8 (202).wav,8
7 (367).wav,7
7 (208).wav,7
4 (698).wav,4
3 (122).wav,3
1 (17).wav,1
4 (425).wav,4
7 (778).wav,7
8 (439).wav,8
7 (411).wav,7
5 (395).wav,5
4 (95).wav,4
3 (380).wav,3
4 (513).wav,4
4 (564).wav,4
5 (483).wav,5
5 (331).wav,5
4 (783).wav,4
2 (313).wav,2
5 (181).wav,5
3 (206).wav,3
8 (129).wav,8
1 (390).wav,1
4 (779).wav,4
5 (298).wav,5
5 (166).wav,5
6 (840).wav,6
8 (367).wav,8
8 (527).wav,8
7 (641).wav,7
5 (441).wav,5
5 (270).wav,5
1 (501).wav,1
8 (518).wav,8
3 (93).wav,3
3 (508).wav,3
7 (102).wav,7
4 (261).wav,4
2 (134).wav,2
6 (147).wav,6
2 (493).wav,2
6 (287).wav,6
5 (241).wav,5
3 (269).wav,3
8 (3).wav,8
1 (615).wav,1
6 (794).wav,6
7 (791).wav,7
6 (292).wav,6
3 (137).wav,3
8 (139).wav,8
6 (709).wav,6
2 (481).wav,2
6 (790).wav,6
2 (130).wav,2
7 (783).wav,7
7 (340).wav,7
7 (603).wav,7
2 (93).wav,2
1 (224).wav,1
7 (64).wav,7
4 (226).wav,4
2 (206).wav,2
2 (331).wav,2
7 (193).wav,7
6 (394).wav,6
5 (28).wav,5
4 (530).wav,4
6 (367).wav,6
7 (391).wav,7
4 (523).wav,4
5 (56).wav,5
1 (209).wav,1
5 (325).wav,5
1 (118).wav,1
7 (593).wav,7
2 (366).wav,2
8 (289).wav,8
7 (304).wav,7
7 (581).wav,7
8 (666).wav,8
2 (564).wav,2
6 (878).wav,6
5 (597).wav,5
3 (325).wav,3
4 (410).wav,4
5 (445).wav,5
6 (801).wav,6
7 (401).wav,7
7 (763).wav,7
4 (535).wav,4
6 (596).wav,6
8 (180).wav,8
6 (79).wav,6
7 (571).wav,7
6 (75).wav,6
1 (32).wav,1
6 (649).wav,6
3 (405).wav,3
1 (784).wav,1
2 (126).wav,2
6 (774).wav,6
1 (144).wav,1
2 (379).wav,2
5 (321).wav,5
8 (270).wav,8
5 (334).wav,5
3 (367).wav,3
1 (496).wav,1
4 (439).wav,4
6 (839).wav,6
2 (422).wav,2
4 (723).wav,4
7 (717).wav,7
1 (846).wav,1
1 (150).wav,1
2 (342).wav,2
2 (162).wav,2
8 (208).wav,8
1 (717).wav,1
1 (650).wav,1
7 (88).wav,7
5 (196).wav,5
4 (608).wav,4
3 (26).wav,3
1 (606).wav,1
6 (624).wav,6
6 (46).wav,6
3 (611).wav,3
6 (373).wav,6
8 (525).wav,8
6 (84).wav,6
5 (246).wav,5
7 (76).wav,7
6 (449).wav,6
6 (842).wav,6
6 (457).wav,6
1 (191).wav,1
8 (79).wav,8
5 (255).wav,5
7 (42).wav,7
1 (145).wav,1
4 (340).wav,4
7 (397).wav,7
6 (87).wav,6
6 (877).wav,6
5 (9).wav,5
6 (495).wav,6
6 (6).wav,6
4 (13).wav,4
1 (735).wav,1
2 (536).wav,2
6 (812).wav,6
7 (574).wav,7
5 (105).wav,5
3 (503).wav,3
7 (535).wav,7
5 (304).wav,5
2 (552).wav,2
7 (148).wav,7
6 (242).wav,6
4 (469).wav,4
7 (409).wav,7
6 (623).wav,6
7 (136).wav,7
8 (738).wav,8
2 (191).wav,2
1 (63).wav,1
4 (35).wav,4
7 (706).wav,7
2 (266).wav,2
3 (38).wav,3
2 (489).wav,2
2 (546).wav,2
1 (272).wav,1
1 (220).wav,1
1 (585).wav,1
1 (98).wav,1
4 (637).wav,4
1 (681).wav,1
1 (633).wav,1
5 (417).wav,5
7 (513).wav,7
1 (291).wav,1
4 (606).wav,4
3 (445).wav,3
2 (335).wav,2
2 (188).wav,2
5 (107).wav,5
2 (559).wav,2
4 (220).wav,4
8 (353).wav,8
5 (167).wav,5
8 (267).wav,8
1 (682).wav,1
4 (140).wav,4
8 (174).wav,8
1 (502).wav,1
1 (126).wav,1
1 (418).wav,1
7 (504).wav,7
3 (511).wav,3
2 (61).wav,2
8 (470).wav,8
7 (477).wav,7
8 (11).wav,8
6 (422).wav,6
3 (42).wav,3
1 (613).wav,1
8 (515).wav,8
1 (323).wav,1
8 (567).wav,8
7 (590).wav,7
3 (44).wav,3
2 (404).wav,2
8 (375).wav,8
2 (451).wav,2
1 (200).wav,1
8 (346).wav,8
6 (302).wav,6
5 (108).wav,5
2 (557).wav,2
8 (323).wav,8
4 (76).wav,4
7 (170).wav,7
5 (110).wav,5
8 (362).wav,8
8 (701).wav,8
8 (386).wav,8
4 (635).wav,4
6 (555).wav,6
7 (458).wav,7
4 (47).wav,4
3 (173).wav,3
7 (291).wav,7
2 (591).wav,2
3 (588).wav,3
1 (439).wav,1
6 (722).wav,6
6 (44).wav,6
5 (460).wav,5
4 (678).wav,4
5 (469).wav,5
6 (60).wav,6
1 (570).wav,1
1 (843).wav,1
1 (406).wav,1
8 (167).wav,8
6 (879).wav,6
3 (550).wav,3
5 (500).wav,5
2 (296).wav,2
7 (418).wav,7
2 (518).wav,2
7 (344).wav,7
2 (463).wav,2
6 (871).wav,6
1 (218).wav,1
1 (457).wav,1
8 (490).wav,8
1 (507).wav,1
5 (570).wav,5
5 (375).wav,5
7 (63).wav,7
1 (584).wav,1
8 (638).wav,8
3 (222).wav,3
5 (184).wav,5
2 (403).wav,2
4 (521).wav,4
4 (24).wav,4
3 (217).wav,3
4 (363).wav,4
5 (218).wav,5
4 (369).wav,4
4 (136).wav,4
4 (63).wav,4
3 (104).wav,3
1 (463).wav,1
6 (198).wav,6
7 (598).wav,7
4 (178).wav,4
4 (481).wav,4
2 (573).wav,2
5 (37).wav,5
7 (360).wav,7
1 (91).wav,1
1 (813).wav,1
4 (156).wav,4
6 (184).wav,6
4 (599).wav,4
3 (540).wav,3
1 (6).wav,1
7 (301).wav,7
6 (622).wav,6
6 (501).wav,6
6 (269).wav,6
5 (563).wav,5
1 (612).wav,1
2 (343).wav,2
5 (529).wav,5
6 (594).wav,6
1 (110).wav,1
7 (540).wav,7
7 (792).wav,7
2 (121).wav,2
3 (24).wav,3
1 (656).wav,1
6 (407).wav,6
6 (643).wav,6
6 (895).wav,6
1 (679).wav,1
4 (715).wav,4
4 (185).wav,4
2 (391).wav,2
8 (78).wav,8
1 (96).wav,1
5 (499).wav,5
6 (826).wav,6
2 (554).wav,2
1 (486).wav,1
6 (690).wav,6
4 (797).wav,4
5 (385).wav,5
1 (77).wav,1
5 (577).wav,5
6 (553).wav,6
5 (333).wav,5
3 (328).wav,3
8 (342).wav,8
1 (360).wav,1
4 (278).wav,4
1 (388).wav,1
1 (14).wav,1
8 (137).wav,8
8 (111).wav,8
8 (179).wav,8
3 (336).wav,3
3 (533).wav,3
6 (549).wav,6
8 (653).wav,8
5 (238).wav,5
7 (740).wav,7
6 (364).wav,6
1 (50).wav,1
5 (452).wav,5
8 (207).wav,8
4 (666).wav,4
7 (525).wav,7
7 (655).wav,7
3 (22).wav,3
4 (212).wav,4
1 (322).wav,1
5 (379).wav,5
4 (662).wav,4
4 (137).wav,4
5 (27).wav,5
7 (178).wav,7
8 (80).wav,8
3 (318).wav,3
7 (126).wav,7
5 (239).wav,5
7 (282).wav,7
3 (3).wav,3
7 (468).wav,7
3 (33).wav,3
1 (413).wav,1
4 (322).wav,4
2 (327).wav,2
1 (294).wav,1
3 (626).wav,3
2 (473).wav,2
5 (370).wav,5
7 (62).wav,7
2 (247).wav,2
7 (800).wav,7
8 (639).wav,8
3 (144).wav,3
6 (188).wav,6
3 (127).wav,3
7 (735).wav,7
3 (604).wav,3
4 (50).wav,4
3 (420).wav,3
2 (524).wav,2
1 (246).wav,1
1 (423).wav,1
4 (726).wav,4
7 (762).wav,7
1 (718).wav,1
6 (646).wav,6
4 (353).wav,4
3 (68).wav,3
5 (524).wav,5
1 (478).wav,1
3 (41).wav,3
1 (539).wav,1
3 (285).wav,3
6 (386).wav,6
6 (67).wav,6
4 (237).wav,4
2 (542).wav,2
6 (321).wav,6
8 (102).wav,8
2 (12).wav,2
8 (718).wav,8
4 (503).wav,4
1 (284).wav,1
4 (793).wav,4
4 (582).wav,4
5 (428).wav,5
1 (831).wav,1
6 (383).wav,6
6 (870).wav,6
2 (171).wav,2
3 (227).wav,3
4 (382).wav,4
6 (418).wav,6
8 (114).wav,8
5 (341).wav,5
7 (265).wav,7
4 (711).wav,4
3 (410).wav,3
1 (772).wav,1
6 (206).wav,6
6 (369).wav,6
1 (238).wav,1
2 (581).wav,2
6 (785).wav,6
7 (310).wav,7
2 (401).wav,2
4 (566).wav,4
5 (57).wav,5
6 (476).wav,6
8 (245).wav,8
7 (249).wav,7
4 (112).wav,4
7 (605).wav,7
2 (49).wav,2
3 (476).wav,3
3 (117).wav,3
4 (298).wav,4
3 (567).wav,3
1 (372).wav,1
8 (211).wav,8
1 (483).wav,1
7 (176).wav,7
5 (15).wav,5
8 (633).wav,8
8 (68).wav,8
3 (168).wav,3
5 (369).wav,5
6 (12).wav,6
4 (414).wav,4
6 (782).wav,6
7 (636).wav,7
4 (696).wav,4
7 (278).wav,7
8 (124).wav,8
4 (343).wav,4
5 (352).wav,5
3 (61).wav,3
5 (561).wav,5
2 (350).wav,2
1 (769).wav,1
2 (184).wav,2
6 (160).wav,6
8 (155).wav,8
6 (753).wav,6
1 (832).wav,1
7 (224).wav,7
4 (677).wav,4
4 (337).wav,4
3 (150).wav,3
8 (356).wav,8
7 (189).wav,7
4 (223).wav,4
6 (297).wav,6
2 (522).wav,2
4 (213).wav,4
4 (736).wav,4
4 (227).wav,4
7 (599).wav,7
7 (772).wav,7
8 (463).wav,8
5 (541).wav,5
3 (430).wav,3
4 (714).wav,4
8 (22).wav,8
2 (575).wav,2
7 (538).wav,7
1 (592).wav,1
3 (469).wav,3
1 (159).wav,1
4 (799).wav,4
8 (120).wav,8
1 (193).wav,1
3 (316).wav,3
6 (253).wav,6
3 (365).wav,3
1 (87).wav,1
3 (527).wav,3
7 (796).wav,7
5 (420).wav,5
7 (419).wav,7
6 (109).wav,6
7 (151).wav,7
3 (133).wav,3
7 (100).wav,7
3 (282).wav,3
6 (588).wav,6
4 (498).wav,4
3 (107).wav,3
5 (274).wav,5
6 (615).wav,6
5 (450).wav,5
8 (750).wav,8
6 (395).wav,6
1 (596).wav,1
6 (681).wav,6
2 (394).wav,2
3 (383).wav,3
8 (421).wav,8
4 (395).wav,4
7 (773).wav,7
7 (576).wav,7
7 (90).wav,7
5 (560).wav,5
4 (341).wav,4
8 (677).wav,8
3 (4).wav,3
4 (236).wav,4
5 (302).wav,5
6 (443).wav,6
8 (5).wav,8
6 (772).wav,6
2 (357).wav,2
3 (238).wav,3
3 (632).wav,3
2 (364).wav,2
8 (58).wav,8
2 (262).wav,2
3 (347).wav,3
8 (214).wav,8
1 (204).wav,1
3 (286).wav,3
3 (633).wav,3
7 (235).wav,7
5 (33).wav,5
8 (175).wav,8
3 (203).wav,3
1 (52).wav,1
5 (461).wav,5
5 (544).wav,5
7 (430).wav,7
4 (165).wav,4
7 (91).wav,7
3 (293).wav,3
4 (798).wav,4
6 (110).wav,6
6 (656).wav,6
1 (524).wav,1
2 (370).wav,2
4 (685).wav,4
5 (154).wav,5
4 (64).wav,4
7 (480).wav,7
3 (388).wav,3
6 (460).wav,6
7 (637).wav,7
2 (450).wav,2
6 (898).wav,6
3 (585).wav,3
3 (153).wav,3
7 (739).wav,7
6 (631).wav,6
4 (735).wav,4
3 (172).wav,3
1 (550).wav,1
6 (872).wav,6
6 (601).wav,6
1 (533).wav,1
1 (487).wav,1
7 (307).wav,7
6 (893).wav,6
7 (675).wav,7
4 (575).wav,4
1 (364).wav,1
7 (67).wav,7
1 (308).wav,1
3 (314).wav,3
8 (19).wav,8
2 (539).wav,2
8 (23).wav,8
1 (782).wav,1
3 (278).wav,3
4 (335).wav,4
7 (227).wav,7
3 (196).wav,3
3 (308).wav,3
8 (228).wav,8
3 (601).wav,3
8 (552).wav,8
7 (660).wav,7
5 (143).wav,5
4 (776).wav,4
2 (527).wav,2
3 (85).wav,3
2 (170).wav,2
5 (346).wav,5
4 (74).wav,4
4 (641).wav,4
7 (77).wav,7
5 (29).wav,5
2 (323).wav,2
1 (237).wav,1
1 (849).wav,1
1 (176).wav,1
7 (184).wav,7
4 (240).wav,4
4 (771).wav,4
8 (67).wav,8
1 (231).wav,1
2 (147).wav,2
7 (657).wav,7
4 (347).wav,4
6 (836).wav,6
6 (289).wav,6
5 (338).wav,5
8 (734).wav,8
4 (708).wav,4
8 (186).wav,8
6 (256).wav,6
4 (287).wav,4
8 (268).wav,8
4 (543).wav,4
3 (536).wav,3
6 (741).wav,6
8 (206).wav,8
3 (276).wav,3
6 (820).wav,6
6 (80).wav,6
7 (43).wav,7
2 (66).wav,2
3 (443).wav,3
8 (464).wav,8
2 (161).wav,2
4 (602).wav,4
6 (426).wav,6
1 (472).wav,1
5 (72).wav,5
3 (37).wav,3
7 (299).wav,7
5 (10).wav,5
6 (775).wav,6
3 (135).wav,3
7 (390).wav,7
3 (106).wav,3
6 (732).wav,6
3 (467).wav,3
1 (172).wav,1
8 (721).wav,8
6 (462).wav,6
6 (252).wav,6
6 (824).wav,6
2 (207).wav,2
6 (768).wav,6
4 (625).wav,4
8 (747).wav,8
3 (379).wav,3
3 (637).wav,3
8 (191).wav,8
3 (191).wav,3
2 (173).wav,2
2 (117).wav,2
1 (395).wav,1
4 (173).wav,4
4 (447).wav,4
4 (787).wav,4
2 (359).wav,2
6 (218).wav,6
7 (80).wav,7
6 (838).wav,6
1 (559).wav,1
2 (156).wav,2
6 (202).wav,6
7 (228).wav,7
8 (45).wav,8
7 (220).wav,7
5 (488).wav,5
4 (310).wav,4
5 (501).wav,5
8 (355).wav,8
1 (787).wav,1
4 (660).wav,4
2 (506).wav,2
6 (189).wav,6
8 (667).wav,8
7 (410).wav,7
6 (113).wav,6
2 (14).wav,2
3 (69).wav,3
4 (398).wav,4
6 (47).wav,6
2 (285).wav,2
1 (436).wav,1
7 (254).wav,7
2 (541).wav,2
3 (480).wav,3
3 (201).wav,3
8 (99).wav,8
8 (675).wav,8
4 (6).wav,4
7 (363).wav,7
8 (254).wav,8
3 (262).wav,3
1 (491).wav,1
4 (153).wav,4
1 (149).wav,1
1 (707).wav,1
7 (727).wav,7
3 (73).wav,3
4 (379).wav,4
1 (199).wav,1
4 (38).wav,4
2 (200).wav,2
3 (9).wav,3
8 (671).wav,8
6 (203).wav,6
8 (20).wav,8
6 (391).wav,6
7 (476).wav,7
8 (340).wav,8
2 (89).wav,2
8 (213).wav,8
1 (468).wav,1
1 (362).wav,1
2 (46).wav,2
1 (728).wav,1
1 (556).wav,1
3 (625).wav,3
5 (409).wav,5
4 (305).wav,4
3 (376).wav,3
6 (234).wav,6
5 (287).wav,5
7 (260).wav,7
3 (620).wav,3
5 (315).wav,5
1 (75).wav,1
7 (23).wav,7
3 (166).wav,3
5 (464).wav,5
5 (510).wav,5
1 (792).wav,1
4 (161).wav,4
7 (547).wav,7
7 (253).wav,7
1 (482).wav,1
6 (352).wav,6
6 (326).wav,6
5 (454).wav,5
4 (380).wav,4
4 (782).wav,4
8 (21).wav,8
7 (59).wav,7
8 (619).wav,8
4 (358).wav,4
5 (17).wav,5
4 (252).wav,4
3 (444).wav,3
7 (672).wav,7
5 (144).wav,5
4 (540).wav,4
8 (304).wav,8
7 (746).wav,7
1 (827).wav,1
6 (466).wav,6
1 (391).wav,1
1 (537).wav,1
4 (113).wav,4
8 (673).wav,8
4 (139).wav,4
8 (92).wav,8
1 (213).wav,1
1 (456).wav,1
8 (337).wav,8
6 (507).wav,6
4 (533).wav,4
1 (657).wav,1
3 (345).wav,3
5 (276).wav,5
4 (482).wav,4
8 (91).wav,8
8 (163).wav,8
1 (757).wav,1
7 (542).wav,7
6 (630).wav,6
8 (547).wav,8
8 (521).wav,8
2 (300).wav,2
2 (201).wav,2
5 (337).wav,5
4 (30).wav,4
8 (2).wav,8
6 (518).wav,6
6 (761).wav,6
6 (262).wav,6
5 (422).wav,5
4 (572).wav,4
6 (132).wav,6
3 (291).wav,3
6 (770).wav,6
5 (267).wav,5
7 (327).wav,7
1 (715).wav,1
3 (627).wav,3
4 (746).wav,4
6 (559).wav,6
7 (566).wav,7
1 (826).wav,1
1 (255).wav,1
2 (348).wav,2
6 (339).wav,6
8 (227).wav,8
2 (363).wav,2
2 (529).wav,2
5 (548).wav,5
8 (134).wav,8
8 (169).wav,8
1 (137).wav,1
6 (800).wav,6
5 (94).wav,5
6 (88).wav,6
8 (429).wav,8
8 (558).wav,8
4 (453).wav,4
2 (144).wav,2
1 (68).wav,1
7 (434).wav,7
4 (56).wav,4
8 (437).wav,8
5 (271).wav,5
1 (174).wav,1
2 (165).wav,2
2 (195).wav,2
4 (375).wav,4
6 (763).wav,6
7 (20).wav,7
4 (768).wav,4
2 (227).wav,2
1 (433).wav,1
1 (465).wav,1
5 (533).wav,5
8 (274).wav,8
8 (723).wav,8
5 (507).wav,5
4 (745).wav,4
5 (418).wav,5
5 (543).wav,5
1 (761).wav,1
1 (134).wav,1
6 (260).wav,6
2 (10).wav,2
4 (206).wav,4
2 (239).wav,2
8 (403).wav,8
1 (260).wav,1
8 (715).wav,8
5 (89).wav,5
1 (127).wav,1
6 (811).wav,6
4 (561).wav,4
4 (493).wav,4
1 (581).wav,1
6 (223).wav,6
7 (58).wav,7
3 (479).wav,3
3 (521).wav,3
8 (710).wav,8
7 (364).wav,7
5 (74).wav,5
5 (124).wav,5
4 (654).wav,4
1 (825).wav,1
7 (406).wav,7
6 (632).wav,6
3 (154).wav,3
1 (47).wav,1
4 (786).wav,4
1 (765).wav,1
7 (226).wav,7
6 (396).wav,6
4 (450).wav,4
6 (325).wav,6
4 (629).wav,4
3 (412).wav,3
1 (37).wav,1
2 (246).wav,2
7 (378).wav,7
5 (168).wav,5
5 (575).wav,5
2 (434).wav,2
4 (553).wav,4
1 (712).wav,1
4 (21).wav,4
5 (155).wav,5
8 (538).wav,8
3 (21).wav,3
7 (580).wav,7
6 (72).wav,6
7 (334).wav,7
5 (200).wav,5
5 (316).wav,5
5 (250).wav,5
4 (373).wav,4
7 (587).wav,7
1 (642).wav,1
8 (297).wav,8
8 (109).wav,8
5 (98).wav,5
7 (387).wav,7
6 (678).wav,6
6 (589).wav,6
6 (257).wav,6
8 (341).wav,8
3 (523).wav,3
4 (428).wav,4
1 (677).wav,1
1 (411).wav,1
4 (671).wav,4
6 (123).wav,6
2 (307).wav,2
6 (665).wav,6
7 (280).wav,7
1 (532).wav,1
5 (558).wav,5
6 (657).wav,6
4 (44).wav,4
4 (554).wav,4
4 (67).wav,4
2 (104).wav,2
1 (277).wav,1
7 (49).wav,7
7 (251).wav,7
1 (691).wav,1
6 (166).wav,6
1 (151).wav,1
8 (168).wav,8
2 (389).wav,2
6 (311).wav,6
8 (716).wav,8
7 (608).wav,7
7 (759).wav,7
2 (587).wav,2
6 (755).wav,6
8 (555).wav,8
8 (88).wav,8
5 (515).wav,5
7 (46).wav,7
1 (402).wav,1
5 (92).wav,5
1 (808).wav,1
8 (296).wav,8
4 (674).wav,4
6 (718).wav,6
2 (34).wav,2
1 (124).wav,1
4 (238).wav,4
1 (589).wav,1
7 (263).wav,7
6 (159).wav,6
5 (191).wav,5
8 (230).wav,8
1 (618).wav,1
8 (409).wav,8
6 (734).wav,6
4 (229).wav,4
4 (759).wav,4
1 (81).wav,1
3 (624).wav,3
6 (444).wav,6
6 (606).wav,6
6 (116).wav,6
7 (615).wav,7
7 (377).wav,7
3 (284).wav,3
5 (148).wav,5
6 (416).wav,6
6 (388).wav,6
6 (40).wav,6
4 (376).wav,4
7 (239).wav,7
2 (78).wav,2
6 (453).wav,6
7 (482).wav,7
4 (72).wav,4
1 (767).wav,1
5 (509).wav,5
7 (632).wav,7
7 (329).wav,7
5 (8).wav,5
4 (415).wav,4
6 (595).wav,6
1 (329).wav,1
1 (93).wav,1
5 (525).wav,5
8 (49).wav,8
6 (868).wav,6
4 (590).wav,4
8 (121).wav,8
4 (712).wav,4
3 (252).wav,3
7 (609).wav,7
5 (506).wav,5
8 (51).wav,8
3 (250).wav,3
7 (666).wav,7
3 (541).wav,3
1 (296).wav,1
6 (313).wav,6
5 (457).wav,5
6 (316).wav,6
8 (543).wav,8
6 (153).wav,6
1 (751).wav,1
4 (422).wav,4
5 (596).wav,5
7 (530).wav,7
7 (489).wav,7
1 (301).wav,1
8 (585).wav,8
1 (525).wav,1
6 (668).wav,6
1 (280).wav,1
7 (422).wav,7
8 (414).wav,8
3 (592).wav,3
8 (126).wav,8
7 (742).wav,7
7 (751).wav,7
7 (767).wav,7
4 (397).wav,4
8 (84).wav,8
8 (1).wav,8
5 (421).wav,5
3 (487).wav,3
3 (660).wav,3
7 (667).wav,7
8 (94).wav,8
6 (661).wav,6
5 (173).wav,5
7 (380).wav,7
8 (107).wav,8
7 (271).wav,7
1 (15).wav,1
8 (637).wav,8
1 (495).wav,1
7 (614).wav,7
1 (416).wav,1
2 (423).wav,2
7 (445).wav,7
6 (19).wav,6
3 (407).wav,3
7 (53).wav,7
8 (236).wav,8
2 (517).wav,2
8 (626).wav,8
1 (116).wav,1
8 (516).wav,8
7 (544).wav,7
4 (760).wav,4
6 (683).wav,6
8 (651).wav,8
5 (504).wav,5
6 (865).wav,6
2 (85).wav,2
2 (568).wav,2
8 (101).wav,8
2 (234).wav,2
7 (750).wav,7
8 (661).wav,8
5 (55).wav,5
6 (245).wav,6
6 (873).wav,6
8 (623).wav,8
7 (463).wav,7
8 (428).wav,8
1 (578).wav,1
8 (657).wav,8
1 (842).wav,1
2 (71).wav,2
3 (454).wav,3
4 (43).wav,4
1 (346).wav,1
1 (480).wav,1
8 (339).wav,8
2 (362).wav,2
1 (526).wav,1
2 (470).wav,2
2 (106).wav,2
4 (528).wav,4
4 (390).wav,4
6 (510).wav,6
4 (529).wav,4
1 (217).wav,1
4 (321).wav,4
8 (132).wav,8
2 (137).wav,2
6 (182).wav,6
7 (474).wav,7
2 (53).wav,2
7 (736).wav,7
7 (769).wav,7
6 (187).wav,6
3 (436).wav,3
7 (78).wav,7
6 (485).wav,6
8 (457).wav,8
6 (33).wav,6
7 (702).wav,7
5 (595).wav,5
4 (308).wav,4
2 (321).wav,2
2 (283).wav,2
6 (829).wav,6
7 (485).wav,7
6 (567).wav,6
6 (471).wav,6
5 (134).wav,5
3 (551).wav,3
4 (268).wav,4
7 (259).wav,7
5 (60).wav,5
3 (514).wav,3
6 (614).wav,6
5 (256).wav,5
3 (548).wav,3
8 (354).wav,8
8 (32).wav,8
6 (24).wav,6
1 (166).wav,1
6 (731).wav,6
6 (784).wav,6
6 (845).wav,6
3 (654).wav,3
7 (5).wav,7
2 (113).wav,2
3 (10).wav,3
4 (60).wav,4
4 (499).wav,4
7 (266).wav,7
1 (535).wav,1
8 (148).wav,8
3 (2).wav,3
3 (16).wav,3
6 (429).wav,6
1 (793).wav,1
4 (106).wav,4
4 (658).wav,4
3 (115).wav,3
7 (359).wav,7
7 (6).wav,7
5 (197).wav,5
8 (146).wav,8
1 (670).wav,1
7 (70).wav,7
5 (475).wav,5
2 (499).wav,2
3 (187).wav,3
4 (670).wav,4
4 (40).wav,4
8 (535).wav,8
6 (899).wav,6
7 (180).wav,7
3 (79).wav,3
3 (34).wav,3
2 (230).wav,2
1 (188).wav,1
8 (691).wav,8
5 (339).wav,5
3 (195).wav,3
5 (63).wav,5
4 (279).wav,4
8 (87).wav,8
8 (118).wav,8
6 (745).wav,6
6 (270).wav,6
1 (684).wav,1
6 (413).wav,6
4 (94).wav,4
7 (744).wav,7
2 (381).wav,2
7 (610).wav,7
1 (689).wav,1
6 (387).wav,6
8 (229).wav,8
2 (411).wav,2
3 (311).wav,3
3 (664).wav,3
8 (233).wav,8
6 (796).wav,6
8 (443).wav,8
4 (141).wav,4
6 (152).wav,6
2 (558).wav,2
8 (27).wav,8
6 (137).wav,6
3 (406).wav,3
7 (3).wav,7
2 (461).wav,2
1 (830).wav,1
8 (509).wav,8
3 (389).wav,3
2 (445).wav,2
3 (351).wav,3
8 (273).wav,8
4 (356).wav,4
8 (193).wav,8
1 (49).wav,1
7 (261).wav,7
8 (500).wav,8
7 (343).wav,7
1 (146).wav,1
7 (399).wav,7
6 (350).wav,6
5 (64).wav,5
8 (492).wav,8
1 (404).wav,1
8 (709).wav,8
4 (558).wav,4
3 (141).wav,3
6 (805).wav,6
8 (581).wav,8
7 (320).wav,7
1 (338).wav,1
5 (551).wav,5
7 (707).wav,7
5 (358).wav,5
6 (235).wav,6
1 (638).wav,1
3 (570).wav,3
7 (244).wav,7
4 (1).wav,4
6 (798).wav,6
4 (131).wav,4
7 (493).wav,7
5 (294).wav,5
1 (299).wav,1
6 (756).wav,6
7 (728).wav,7
1 (410).wav,1
3 (674).wav,3
8 (624).wav,8
4 (413).wav,4
7 (326).wav,7
3 (114).wav,3
8 (249).wav,8
3 (340).wav,3
2 (279).wav,2
2 (598).wav,2
8 (564).wav,8
4 (230).wav,4
3 (63).wav,3
3 (64).wav,3
8 (258).wav,8
2 (595).wav,2
2 (25).wav,2
6 (227).wav,6
5 (159).wav,5
8 (328).wav,8
4 (234).wav,4
7 (138).wav,7
4 (71).wav,4
7 (197).wav,7
7 (103).wav,7
7 (314).wav,7
8 (115).wav,8
6 (114).wav,6
1 (2).wav,1
1 (753).wav,1
2 (116).wav,2
6 (345).wav,6
7 (68).wav,7
3 (30).wav,3
4 (454).wav,4
6 (264).wav,6
1 (269).wav,1
6 (686).wav,6
3 (475).wav,3
3 (526).wav,3
3 (226).wav,3
8 (24).wav,8
5 (495).wav,5
8 (682).wav,8
5 (160).wav,5
2 (318).wav,2
3 (341).wav,3
6 (786).wav,6
7 (522).wav,7
7 (752).wav,7
4 (28).wav,4
4 (795).wav,4
5 (269).wav,5
1 (374).wav,1
3 (140).wav,3
8 (592).wav,8
2 (345).wav,2
6 (442).wav,6
7 (216).wav,7
1 (777).wav,1
6 (70).wav,6
6 (679).wav,6
8 (13).wav,8
8 (707).wav,8
6 (633).wav,6
4 (587).wav,4
5 (516).wav,5
2 (111).wav,2
6 (730).wav,6
4 (168).wav,4
4 (597).wav,4
3 (418).wav,3
2 (38).wav,2
3 (393).wav,3
5 (93).wav,5
5 (119).wav,5
8 (728).wav,8
4 (270).wav,4
4 (517).wav,4
6 (743).wav,6
5 (487).wav,5
4 (612).wav,4
3 (561).wav,3
7 (721).wav,7
6 (312).wav,6
4 (357).wav,4
6 (431).wav,6
8 (478).wav,8
4 (2).wav,4
1 (713).wav,1
5 (389).wav,5
4 (135).wav,4
8 (532).wav,8
6 (539).wav,6
4 (224).wav,4
7 (433).wav,7
4 (456).wav,4
4 (389).wav,4
5 (172).wav,5
8 (371).wav,8
1 (46).wav,1
1 (739).wav,1
4 (790).wav,4
6 (210).wav,6
2 (390).wav,2
8 (603).wav,8
1 (347).wav,1
1 (672).wav,1
1 (12).wav,1
8 (595).wav,8
5 (14).wav,5
7 (484).wav,7
8 (522).wav,8
7 (99).wav,7
1 (576).wav,1
7 (564).wav,7
6 (586).wav,6
8 (61).wav,8
8 (203).wav,8
5 (383).wav,5
8 (499).wav,8
8 (262).wav,8
2 (3).wav,2
5 (565).wav,5
2 (480).wav,2
4 (257).wav,4
5 (537).wav,5
6 (863).wav,6
7 (140).wav,7
2 (80).wav,2
8 (450).wav,8
6 (804).wav,6
1 (675).wav,1
1 (505).wav,1
5 (356).wav,5
4 (791).wav,4
7 (743).wav,7
1 (22).wav,1
3 (448).wav,3
6 (57).wav,6
8 (411).wav,8
3 (312).wav,3
7 (293).wav,7
1 (568).wav,1
4 (659).wav,4
2 (131).wav,2
4 (624).wav,4
8 (234).wav,8
4 (78).wav,4
7 (158).wav,7
2 (457).wav,2
7 (647).wav,7
3 (149).wav,3
3 (576).wav,3
3 (28).wav,3
1 (366).wav,1
7 (11).wav,7
6 (680).wav,6
3 (651).wav,3
2 (458).wav,2
7 (567).wav,7
5 (300).wav,5
1 (513).wav,1
6 (29).wav,6
4 (138).wav,4
8 (255).wav,8
2 (565).wav,2
1 (334).wav,1
1 (639).wav,1
4 (187).wav,4
2 (233).wav,2
8 (648).wav,8
8 (226).wav,8
6 (748).wav,6
4 (402).wav,4
2 (249).wav,2
3 (356).wav,3
3 (629).wav,3
3 (650).wav,3
7 (545).wav,7
4 (250).wav,4
5 (170).wav,5
7 (403).wav,7
1 (616).wav,1
4 (484).wav,4
5 (479).wav,5
4 (495).wav,4
8 (672).wav,8
6 (672).wav,6
5 (459).wav,5
6 (760).wav,6
6 (844).wav,6
2 (47).wav,2
3 (463).wav,3
2 (398).wav,2
1 (162).wav,1
8 (399).wav,8
5 (451).wav,5
4 (567).wav,4
2 (578).wav,2
4 (716).wav,4
1 (378).wav,1
6 (573).wav,6
1 (313).wav,1
4 (615).wav,4
7 (634).wav,7
6 (108).wav,6
3 (353).wav,3
4 (9).wav,4
2 (196).wav,2
5 (58).wav,5
5 (526).wav,5
5 (22).wav,5
2 (139).wav,2
8 (466).wav,8
2 (90).wav,2
1 (534).wav,1
4 (100).wav,4
2 (225).wav,2
2 (303).wav,2
6 (162).wav,6
6 (307).wav,6
4 (70).wav,4
1 (102).wav,1
1 (794).wav,1
8 (736).wav,8
8 (368).wav,8
6 (146).wav,6
6 (405).wav,6
6 (315).wav,6
8 (86).wav,8
8 (17).wav,8
7 (738).wav,7
1 (141).wav,1
3 (543).wav,3
2 (415).wav,2
4 (180).wav,4
6 (293).wav,6
6 (214).wav,6
7 (402).wav,7
4 (610).wav,4
5 (232).wav,5
8 (480).wav,8
5 (299).wav,5
8 (365).wav,8
7 (149).wav,7
2 (192).wav,2
2 (179).wav,2
4 (586).wav,4
3 (534).wav,3
7 (457).wav,7
4 (426).wav,4
4 (458).wav,4
2 (189).wav,2
1 (306).wav,1
6 (141).wav,6
7 (211).wav,7
4 (710).wav,4
3 (17).wav,3
3 (239).wav,3
4 (253).wav,4
7 (799).wav,7
4 (122).wav,4
5 (87).wav,5
6 (489).wav,6
3 (86).wav,3
5 (391).wav,5
8 (59).wav,8
8 (221).wav,8
2 (406).wav,2
4 (623).wav,4
1 (685).wav,1
3 (506).wav,3
7 (264).wav,7
6 (165).wav,6
2 (501).wav,2
7 (381).wav,7
6 (481).wav,6
5 (468).wav,5
3 (253).wav,3
5 (225).wav,5
6 (537).wav,6
8 (681).wav,8
5 (536).wav,5
4 (601).wav,4
7 (83).wav,7
2 (344).wav,2
3 (400).wav,3
6 (530).wav,6
8 (622).wav,8
3 (321).wav,3
1 (76).wav,1
8 (50).wav,8
4 (731).wav,4
2 (492).wav,2
3 (327).wav,3
3 (462).wav,3
2 (155).wav,2
2 (276).wav,2
2 (208).wav,2
6 (95).wav,6
1 (365).wav,1
6 (118).wav,6
3 (607).wav,3
3 (635).wav,3
5 (312).wav,5
3 (212).wav,3
2 (325).wav,2
3 (111).wav,3
7 (745).wav,7
7 (582).wav,7
6 (170).wav,6
6 (77).wav,6
2 (205).wav,2
1 (263).wav,1
3 (397).wav,3
1 (281).wav,1
1 (64).wav,1
5 (466).wav,5
2 (57).wav,2
7 (573).wav,7
4 (143).wav,4
8 (655).wav,8
8 (606).wav,8
6 (319).wav,6
3 (52).wav,3
5 (233).wav,5
5 (76).wav,5
2 (426).wav,2
3 (223).wav,3
1 (368).wav,1
7 (556).wav,7
6 (694).wav,6
6 (816).wav,6
1 (840).wav,1
4 (747).wav,4
2 (550).wav,2
1 (3).wav,1
6 (183).wav,6
1 (710).wav,1
2 (166).wav,2
4 (777).wav,4
6 (692).wav,6
7 (529).wav,7
7 (607).wav,7
7 (452).wav,7
8 (277).wav,8
8 (694).wav,8
1 (223).wav,1
6 (662).wav,6
4 (324).wav,4
8 (641).wav,8
4 (372).wav,4
7 (534).wav,7
2 (263).wav,2
5 (153).wav,5
4 (411).wav,4
4 (531).wav,4
4 (509).wav,4
2 (414).wav,2
7 (623).wav,7
2 (528).wav,2
1 (517).wav,1
6 (155).wav,6
1 (136).wav,1
5 (402).wav,5
4 (103).wav,4
3 (396).wav,3
8 (513).wav,8
6 (689).wav,6
4 (515).wav,4
8 (215).wav,8
1 (668).wav,1
7 (202).wav,7
4 (643).wav,4
5 (5).wav,5
5 (458).wav,5
2 (314).wav,2
7 (487).wav,7
6 (382).wav,6
4 (132).wav,4
4 (101).wav,4
7 (755).wav,7
7 (321).wav,7
6 (446).wav,6
3 (614).wav,3
2 (305).wav,2
6 (691).wav,6
7 (223).wav,7
8 (334).wav,8
6 (423).wav,6
1 (247).wav,1
8 (35).wav,8
4 (23).wav,4
4 (442).wav,4
5 (195).wav,5
1 (795).wav,1
2 (351).wav,2
3 (248).wav,3
6 (365).wav,6
3 (109).wav,3
4 (757).wav,4
4 (591).wav,4
4 (551).wav,4
2 (56).wav,2
5 (285).wav,5
7 (290).wav,7
4 (204).wav,4
3 (640).wav,3
4 (648).wav,4
3 (48).wav,3
1 (641).wav,1
4 (667).wav,4
1 (250).wav,1
8 (652).wav,8
5 (336).wav,5
5 (591).wav,5
8 (4).wav,8
3 (182).wav,3
8 (165).wav,8
7 (345).wav,7
5 (419).wav,5
6 (608).wav,6
1 (530).wav,1
4 (46).wav,4
7 (546).wav,7
1 (285).wav,1
1 (470).wav,1
4 (388).wav,4
6 (618).wav,6
4 (642).wav,4
6 (16).wav,6
1 (506).wav,1
3 (370).wav,3
7 (432).wav,7
6 (876).wav,6
6 (821).wav,6
5 (434).wav,5
8 (498).wav,8
4 (435).wav,4
4 (491).wav,4
1 (582).wav,1
7 (496).wav,7
6 (106).wav,6
6 (592).wav,6
1 (492).wav,1
7 (54).wav,7
6 (124).wav,6
1 (608).wav,1
2 (324).wav,2
4 (462).wav,4
2 (267).wav,2
7 (210).wav,7
1 (392).wav,1
1 (295).wav,1
4 (742).wav,4
1 (741).wav,1
6 (92).wav,6
8 (143).wav,8
6 (666).wav,6
1 (459).wav,1
7 (579).wav,7
7 (36).wav,7
3 (50).wav,3
5 (455).wav,5
1 (405).wav,1
3 (207).wav,3
4 (221).wav,4
2 (287).wav,2
3 (563).wav,3
7 (351).wav,7
3 (452).wav,3
1 (444).wav,1
8 (676).wav,8
3 (455).wav,3
6 (99).wav,6
7 (385).wav,7
1 (94).wav,1
7 (196).wav,7
1 (445).wav,1
6 (455).wav,6
3 (434).wav,3
6 (487).wav,6
1 (671).wav,1
6 (517).wav,6
4 (418).wav,4
3 (188).wav,3
2 (73).wav,2
8 (722).wav,8
4 (188).wav,4
4 (142).wav,4
6 (534).wav,6
6 (355).wav,6
6 (682).wav,6
2 (356).wav,2
8 (586).wav,8
6 (729).wav,6
3 (80).wav,3
4 (117).wav,4
1 (414).wav,1
7 (132).wav,7
3 (596).wav,3
8 (298).wav,8
4 (294).wav,4
5 (79).wav,5
6 (522).wav,6
1 (749).wav,1
8 (90).wav,8
3 (538).wav,3
3 (428).wav,3
2 (141).wav,2
3 (425).wav,3
7 (395).wav,7
4 (534).wav,4
6 (283).wav,6
4 (480).wav,4
8 (327).wav,8
2 (467).wav,2
3 (310).wav,3
2 (319).wav,2
6 (275).wav,6
3 (517).wav,3
4 (604).wav,4
7 (669).wav,7
6 (303).wav,6
1 (29).wav,1
2 (9).wav,2
1 (303).wav,1
7 (766).wav,7
3 (471).wav,3
3 (649).wav,3
8 (481).wav,8
6 (719).wav,6
7 (347).wav,7
6 (609).wav,6
7 (591).wav,7
3 (185).wav,3
5 (442).wav,5
1 (62).wav,1
4 (299).wav,4
1 (298).wav,1
4 (548).wav,4
4 (355).wav,4
6 (111).wav,6
7 (654).wav,7
1 (158).wav,1
7 (466).wav,7
6 (445).wav,6
3 (219).wav,3
5 (392).wav,5
3 (451).wav,3
8 (74).wav,8
1 (195).wav,1
4 (559).wav,4
7 (55).wav,7
6 (583).wav,6
3 (36).wav,3
6 (226).wav,6
4 (473).wav,4
8 (546).wav,8
1 (800).wav,1
6 (309).wav,6
2 (462).wav,2
8 (415).wav,8
1 (673).wav,1
4 (20).wav,4
8 (668).wav,8
5 (88).wav,5
3 (531).wav,3
8 (698).wav,8
5 (447).wav,5
7 (450).wav,7
2 (180).wav,2
8 (686).wav,8
5 (351).wav,5
7 (520).wav,7
6 (578).wav,6
1 (324).wav,1
3 (71).wav,3
8 (745).wav,8
5 (582).wav,5
4 (638).wav,4
8 (732).wav,8
8 (239).wav,8
8 (349).wav,8
1 (602).wav,1
4 (251).wav,4
3 (659).wav,3
1 (31).wav,1
7 (61).wav,7
1 (719).wav,1
6 (30).wav,6
5 (449).wav,5
3 (411).wav,3
6 (410).wav,6
2 (1).wav,2
5 (493).wav,5
2 (582).wav,2
8 (350).wav,8
7 (689).wav,7
4 (208).wav,4
7 (69).wav,7
5 (86).wav,5
4 (114).wav,4
2 (136).wav,2
1 (283).wav,1
6 (291).wav,6
8 (259).wav,8
2 (13).wav,2
8 (9).wav,8
1 (432).wav,1
1 (292).wav,1
6 (180).wav,6
6 (629).wav,6
1 (279).wav,1
7 (57).wav,7
8 (344).wav,8
3 (257).wav,3
4 (421).wav,4
3 (495).wav,3
1 (644).wav,1
4 (368).wav,4
2 (174).wav,2
3 (522).wav,3
1 (282).wav,1
3 (216).wav,3
8 (530).wav,8
8 (195).wav,8
2 (64).wav,2
1 (768).wav,1
7 (31).wav,7
1 (261).wav,1
5 (328).wav,5
8 (571).wav,8
4 (784).wav,4
3 (66).wav,3
6 (295).wav,6
2 (511).wav,2
8 (520).wav,8
6 (825).wav,6
7 (217).wav,7
1 (781).wav,1
7 (375).wav,7
3 (197).wav,3
3 (562).wav,3
8 (329).wav,8
2 (183).wav,2
6 (502).wav,6
3 (350).wav,3
8 (247).wav,8
5 (78).wav,5
3 (677).wav,3
3 (214).wav,3
2 (83).wav,2
5 (354).wav,5
1 (711).wav,1
5 (279).wav,5
6 (66).wav,6
7 (394).wav,7
4 (163).wav,4
4 (486).wav,4
1 (587).wav,1
4 (201).wav,4
7 (369).wav,7
6 (621).wav,6
6 (463).wav,6
6 (404).wav,6
5 (590).wav,5
7 (115).wav,7
7 (256).wav,7
2 (548).wav,2
3 (118).wav,3
1 (311).wav,1
7 (483).wav,7
4 (108).wav,4
4 (773).wav,4
5 (48).wav,5
6 (7).wav,6
3 (575).wav,3
4 (329).wav,4
5 (327).wav,5
2 (436).wav,2
4 (386).wav,4
3 (337).wav,3
3 (275).wav,3
8 (460).wav,8
7 (490).wav,7
1 (531).wav,1
2 (31).wav,2
3 (440).wav,3
4 (574).wav,4
2 (353).wav,2
8 (253).wav,8
4 (475).wav,4
2 (256).wav,2
3 (504).wav,3
6 (577).wav,6
3 (296).wav,3
8 (225).wav,8
4 (362).wav,4
8 (379).wav,8
6 (823).wav,6
2 (455).wav,2
5 (360).wav,5
8 (173).wav,8
2 (228).wav,2
5 (429).wav,5
1 (4).wav,1
3 (274).wav,3
3 (498).wav,3
8 (185).wav,8
6 (480).wav,6
1 (791).wav,1
7 (681).wav,7
7 (552).wav,7
1 (11).wav,1
3 (638).wav,3
3 (557).wav,3
6 (783).wav,6
2 (339).wav,2
3 (437).wav,3
5 (535).wav,5
1 (92).wav,1
5 (589).wav,5
7 (230).wav,7
2 (297).wav,2
3 (403).wav,3
4 (110).wav,4
3 (25).wav,3
1 (493).wav,1
2 (475).wav,2
7 (146).wav,7
7 (726).wav,7
4 (254).wav,4
1 (383).wav,1
6 (54).wav,6
6 (148).wav,6
3 (598).wav,3
8 (660).wav,8
1 (435).wav,1
8 (85).wav,8
2 (402).wav,2
3 (35).wav,3
3 (600).wav,3
7 (532).wav,7
7 (722).wav,7
4 (750).wav,4
6 (115).wav,6
1 (455).wav,1
2 (109).wav,2
6 (733).wav,6
5 (213).wav,5
4 (673).wav,4
8 (72).wav,8
1 (687).wav,1
8 (729).wav,8
5 (443).wav,5
1 (701).wav,1
5 (146).wav,5
4 (440).wav,4
4 (455).wav,4
8 (166).wav,8
4 (27).wav,4
7 (621).wav,7
8 (53).wav,8
1 (690).wav,1
5 (399).wav,5
1 (461).wav,1
3 (145).wav,3
3 (54).wav,3
5 (209).wav,5
8 (573).wav,8
4 (616).wav,4
3 (189).wav,3
4 (634).wav,4
4 (97).wav,4
8 (605).wav,8
3 (272).wav,3
2 (400).wav,2
2 (16).wav,2
4 (445).wav,4
4 (621).wav,4
8 (418).wav,8
4 (262).wav,4
1 (801).wav,1
4 (17).wav,4
2 (143).wav,2
4 (260).wav,4
2 (337).wav,2
3 (364).wav,3
1 (331).wav,1
3 (70).wav,3
6 (428).wav,6
3 (655).wav,3
6 (151).wav,6
3 (423).wav,3
5 (204).wav,5
5 (4).wav,5
4 (592).wav,4
1 (636).wav,1
3 (288).wav,3
3 (532).wav,3
7 (491).wav,7
6 (271).wav,6
1 (600).wav,1
6 (343).wav,6
7 (199).wav,7
8 (688).wav,8
7 (548).wav,7
7 (407).wav,7
8 (430).wav,8
1 (569).wav,1
3 (384).wav,3
4 (235).wav,4
8 (534).wav,8
2 (92).wav,2
6 (156).wav,6
1 (259).wav,1
4 (111).wav,4
4 (93).wav,4
8 (588).wav,8
1 (511).wav,1
6 (688).wav,6
8 (64).wav,8
4 (655).wav,4
7 (589).wav,7
1 (345).wav,1
1 (104).wav,1
5 (82).wav,5
3 (15).wav,3
7 (446).wav,7
7 (683).wav,7
8 (563).wav,8
6 (695).wav,6
1 (780).wav,1
2 (245).wav,2
2 (229).wav,2
7 (366).wav,7
5 (394).wav,5
5 (335).wav,5
2 (70).wav,2
1 (302).wav,1
1 (33).wav,1
7 (524).wav,7
7 (527).wav,7
8 (331).wav,8
5 (439).wav,5
1 (100).wav,1
4 (765).wav,4
5 (576).wav,5
2 (543).wav,2
4 (259).wav,4
2 (490).wav,2
8 (647).wav,8
6 (574).wav,6
5 (135).wav,5
4 (524).wav,4
6 (376).wav,6
1 (227).wav,1
5 (193).wav,5
1 (109).wav,1
6 (482).wav,6
8 (158).wav,8
8 (395).wav,8
7 (323).wav,7
4 (133).wav,4
7 (179).wav,7
7 (337).wav,7
6 (864).wav,6
1 (504).wav,1
1 (330).wav,1
3 (330).wav,3
2 (495).wav,2
8 (241).wav,8
3 (147).wav,3
1 (818).wav,1
6 (408).wav,6
7 (39).wav,7
2 (371).wav,2
5 (472).wav,5
1 (351).wav,1
5 (453).wav,5
3 (148).wav,3
6 (440).wav,6
7 (336).wav,7
7 (398).wav,7
1 (750).wav,1
8 (322).wav,8
6 (593).wav,6
5 (282).wav,5
6 (217).wav,6
2 (44).wav,2
1 (27).wav,1
4 (775).wav,4
3 (184).wav,3
8 (176).wav,8
4 (525).wav,4
1 (845).wav,1
1 (623).wav,1
7 (627).wav,7
5 (11).wav,5
7 (650).wav,7
8 (654).wav,8
4 (702).wav,4
6 (104).wav,6
2 (222).wav,2
5 (508).wav,5
1 (729).wav,1
8 (315).wav,8
1 (548).wav,1
4 (272).wav,4
4 (96).wav,4
1 (335).wav,1
7 (27).wav,7
2 (209).wav,2
7 (153).wav,7
5 (289).wav,5
4 (752).wav,4
7 (719).wav,7
3 (181).wav,3
6 (766).wav,6
7 (618).wav,7
1 (114).wav,1
6 (535).wav,6
8 (392).wav,8
6 (9).wav,6
2 (91).wav,2
7 (114).wav,7
8 (325).wav,8
6 (478).wav,6
5 (113).wav,5
5 (263).wav,5
4 (653).wav,4
7 (300).wav,7
1 (55).wav,1
8 (73).wav,8
7 (2).wav,7
4 (319).wav,4
4 (267).wav,4
3 (669).wav,3
7 (688).wav,7
2 (242).wav,2
6 (17).wav,6
2 (21).wav,2
6 (412).wav,6
7 (358).wav,7
2 (265).wav,2
7 (785).wav,7
8 (216).wav,8
1 (309).wav,1
7 (218).wav,7
5 (3).wav,5
8 (82).wav,8
7 (393).wav,7
6 (897).wav,6
8 (695).wav,8
2 (514).wav,2
3 (361).wav,3
8 (549).wav,8
7 (383).wav,7
1 (111).wav,1
7 (704).wav,7
1 (61).wav,1
4 (179).wav,4
1 (251).wav,1
7 (514).wav,7
7 (665).wav,7
6 (380).wav,6
8 (475).wav,8
4 (109).wav,4
4 (184).wav,4
3 (254).wav,3
3 (82).wav,3
4 (545).wav,4
4 (280).wav,4
1 (565).wav,1
6 (500).wav,6
2 (594).wav,2
1 (678).wav,1
1 (773).wav,1
2 (547).wav,2
4 (718).wav,4
1 (583).wav,1
4 (68).wav,4
3 (421).wav,3
5 (208).wav,5
5 (518).wav,5
8 (275).wav,8
4 (452).wav,4
4 (11).wav,4
6 (550).wav,6
2 (74).wav,2
6 (362).wav,6
4 (104).wav,4
4 (364).wav,4
2 (20).wav,2
8 (725).wav,8
2 (452).wav,2
1 (451).wav,1
4 (92).wav,4
3 (45).wav,3
3 (92).wav,3
6 (737).wav,6
5 (164).wav,5
8 (683).wav,8
7 (775).wav,7
7 (47).wav,7
3 (617).wav,3
1 (441).wav,1
2 (485).wav,2
8 (116).wav,8
7 (382).wav,7
6 (773).wav,6
1 (430).wav,1
3 (639).wav,3
5 (215).wav,5
5 (301).wav,5
8 (669).wav,8
8 (689).wav,8
8 (453).wav,8
8 (38).wav,8
1 (597).wav,1
8 (127).wav,8
1 (152).wav,1
3 (159).wav,3
7 (500).wav,7
6 (290).wav,6
4 (504).wav,4
7 (79).wav,7
7 (25).wav,7
7 (724).wav,7
6 (378).wav,6
8 (55).wav,8
3 (399).wav,3
7 (92).wav,7
3 (31).wav,3
7 (729).wav,7
3 (622).wav,3
3 (344).wav,3
5 (212).wav,5
8 (171).wav,8
6 (126).wav,6
8 (204).wav,8
8 (380).wav,8
5 (403).wav,5
7 (705).wav,7
3 (320).wav,3
6 (171).wav,6
8 (620).wav,8
4 (128).wav,4
3 (496).wav,3
4 (148).wav,4
6 (10).wav,6
1 (766).wav,1
5 (262).wav,5
4 (644).wav,4
8 (576).wav,8
7 (425).wav,7
1 (90).wav,1
6 (508).wav,6
4 (774).wav,4
8 (63).wav,8
6 (390).wav,6
6 (846).wav,6
8 (147).wav,8
4 (199).wav,4
5 (465).wav,5
4 (258).wav,4
5 (386).wav,5
6 (370).wav,6
1 (625).wav,1
6 (841).wav,6
1 (573).wav,1
2 (459).wav,2
1 (824).wav,1
4 (127).wav,4
6 (552).wav,6
1 (305).wav,1
1 (837).wav,1
1 (626).wav,1
1 (509).wav,1
7 (511).wav,7
4 (384).wav,4
3 (204).wav,3
8 (217).wav,8
5 (18).wav,5
2 (447).wav,2
1 (268).wav,1
3 (76).wav,3
1 (696).wav,1
7 (56).wav,7
8 (131).wav,8
3 (402).wav,3
7 (723).wav,7
2 (502).wav,2
4 (781).wav,4
3 (161).wav,3
2 (275).wav,2
2 (22).wav,2
7 (318).wav,7
2 (203).wav,2
1 (538).wav,1
4 (198).wav,4
3 (545).wav,3
8 (338).wav,8
7 (472).wav,7
1 (695).wav,1
6 (228).wav,6
8 (135).wav,8
4 (409).wav,4
2 (145).wav,2
2 (270).wav,2
4 (754).wav,4
5 (408).wav,5
1 (196).wav,1
3 (229).wav,3
2 (59).wav,2
1 (527).wav,1
8 (544).wav,8
3 (232).wav,3
6 (859).wav,6
3 (279).wav,3
7 (93).wav,7
4 (464).wav,4
7 (427).wav,7
3 (233).wav,3
1 (804).wav,1
5 (158).wav,5
2 (347).wav,2
8 (483).wav,8
7 (471).wav,7
3 (513).wav,3
1 (373).wav,1
1 (266).wav,1
5 (174).wav,5
4 (669).wav,4
2 (15).wav,2
6 (279).wav,6
7 (642).wav,7
3 (673).wav,3
6 (94).wav,6
4 (536).wav,4
7 (267).wav,7
3 (47).wav,3
2 (84).wav,2
3 (593).wav,3
6 (32).wav,6
1 (466).wav,1
5 (281).wav,5
5 (104).wav,5
6 (119).wav,6
3 (6).wav,3
6 (762).wav,6
7 (431).wav,7
4 (703).wav,4
2 (48).wav,2
2 (358).wav,2
7 (283).wav,7
5 (244).wav,5
2 (293).wav,2
1 (434).wav,1
5 (291).wav,5
7 (160).wav,7
6 (356).wav,6
8 (631).wav,8
8 (496).wav,8
3 (120).wav,3
2 (320).wav,2
5 (121).wav,5
6 (526).wav,6
3 (606).wav,3
8 (406).wav,8
5 (587).wav,5
1 (497).wav,1
1 (183).wav,1
7 (536).wav,7
6 (834).wav,6
6 (470).wav,6
1 (18).wav,1
5 (318).wav,5
3 (382).wav,3
4 (764).wav,4
8 (96).wav,8
8 (446).wav,8
6 (506).wav,6
8 (416).wav,8
5 (163).wav,5
4 (293).wav,4
6 (777).wav,6
5 (41).wav,5
3 (199).wav,3
1 (320).wav,1
7 (577).wav,7
8 (574).wav,8
6 (100).wav,6
4 (105).wav,4
8 (462).wav,8
5 (198).wav,5
2 (75).wav,2
4 (332).wav,4
2 (79).wav,2
1 (732).wav,1
4 (514).wav,4
7 (692).wav,7
2 (472).wav,2
1 (598).wav,1
3 (450).wav,3
8 (291).wav,8
7 (204).wav,7
7 (788).wav,7
1 (640).wav,1
2 (120).wav,2
1 (415).wav,1
8 (419).wav,8
8 (487).wav,8
8 (47).wav,8
2 (535).wav,2
2 (241).wav,2
2 (220).wav,2
1 (783).wav,1
4 (217).wav,4
4 (502).wav,4
3 (621).wav,3
4 (242).wav,4
2 (504).wav,2
8 (591).wav,8
2 (341).wav,2
1 (738).wav,1
8 (142).wav,8
8 (170).wav,8
4 (619).wav,4
8 (383).wav,8
3 (265).wav,3
8 (539).wav,8
3 (594).wav,3
6 (832).wav,6
2 (282).wav,2
1 (440).wav,1
6 (249).wav,6
7 (601).wav,7
1 (785).wav,1
4 (365).wav,4
3 (470).wav,3
4 (470).wav,4
4 (516).wav,4
5 (99).wav,5
5 (384).wav,5
7 (111).wav,7
5 (523).wav,5
5 (527).wav,5
4 (526).wav,4
7 (98).wav,7
6 (598).wav,6
6 (419).wav,6
8 (122).wav,8
2 (163).wav,2
3 (610).wav,3
7 (586).wav,7
3 (537).wav,3
2 (108).wav,2
6 (635).wav,6
8 (687).wav,8
8 (14).wav,8
2 (172).wav,2
4 (361).wav,4
6 (392).wav,6
8 (575).wav,8
8 (294).wav,8
5 (171).wav,5
2 (372).wav,2
2 (11).wav,2
5 (322).wav,5
3 (519).wav,3
5 (52).wav,5
6 (331).wav,6
2 (88).wav,2
3 (484).wav,3
2 (24).wav,2
1 (821).wav,1
3 (583).wav,3
6 (306).wav,6
6 (196).wav,6
6 (806).wav,6
1 (446).wav,1
4 (311).wav,4
6 (533).wav,6
5 (532).wav,5
8 (625).wav,8
1 (770).wav,1
6 (272).wav,6
7 (7).wav,7
2 (585).wav,2
1 (349).wav,1
6 (354).wav,6
5 (245).wav,5
6 (837).wav,6
4 (41).wav,4
6 (341).wav,6
7 (152).wav,7
1 (271).wav,1
6 (605).wav,6
6 (231).wav,6
3 (439).wav,3
5 (517).wav,5
4 (725).wav,4
8 (264).wav,8
7 (426).wav,7
2 (538).wav,2
5 (34).wav,5
5 (234).wav,5
1 (759).wav,1
7 (125).wav,7
3 (162).wav,3
6 (687).wav,6
7 (129).wav,7
6 (582).wav,6
5 (251).wav,5
4 (720).wav,4
8 (133).wav,8
4 (743).wav,4
6 (142).wav,6
8 (438).wav,8
3 (317).wav,3
6 (560).wav,6
1 (160).wav,1
1 (257).wav,1
4 (729).wav,4
3 (322).wav,3
6 (886).wav,6
7 (512).wav,7
8 (231).wav,8
4 (22).wav,4
4 (407).wav,4
3 (81).wav,3
3 (236).wav,3
2 (430).wav,2
3 (84).wav,3
5 (598).wav,5
8 (389).wav,8
8 (29).wav,8
2 (280).wav,2
5 (275).wav,5
1 (376).wav,1
2 (482).wav,2
6 (194).wav,6
7 (528).wav,7
5 (296).wav,5
6 (74).wav,6
6 (511).wav,6
7 (754).wav,7
1 (153).wav,1
5 (398).wav,5
7 (89).wav,7
7 (664).wav,7
3 (183).wav,3
7 (354).wav,7
4 (544).wav,4
2 (17).wav,2
4 (547).wav,4
8 (402).wav,8
5 (416).wav,5
7 (685).wav,7
6 (144).wav,6
6 (181).wav,6
3 (301).wav,3
6 (563).wav,6
4 (681).wav,4
3 (315).wav,3
4 (427).wav,4
4 (438).wav,4
6 (516).wav,6
6 (561).wav,6
4 (692).wav,4
7 (248).wav,7
2 (112).wav,2
3 (447).wav,3
6 (464).wav,6
4 (292).wav,4
7 (141).wav,7
5 (254).wav,5
7 (72).wav,7
7 (782).wav,7
7 (86).wav,7
2 (157).wav,2
5 (290).wav,5
8 (551).wav,8
5 (373).wav,5
4 (37).wav,4
6 (13).wav,6
3 (360).wav,3
3 (75).wav,3
5 (511).wav,5
5 (484).wav,5
4 (167).wav,4
5 (388).wav,5
8 (160).wav,8
4 (87).wav,4
4 (277).wav,4
4 (557).wav,4
3 (255).wav,3
3 (105).wav,3
2 (251).wav,2
5 (594).wav,5
8 (484).wav,8
5 (411).wav,5
6 (896).wav,6
4 (245).wav,4
5 (474).wav,5
5 (142).wav,5
6 (2).wav,6
8 (316).wav,8
3 (27).wav,3
5 (187).wav,5
6 (41).wav,6
3 (136).wav,3
6 (710).wav,6
3 (502).wav,3
3 (426).wav,3
4 (580).wav,4
1 (661).wav,1
7 (708).wav,7
6 (843).wav,6
5 (348).wav,5
8 (336).wav,8
2 (380).wav,2
2 (277).wav,2
7 (361).wav,7
1 (643).wav,1
1 (343).wav,1
2 (556).wav,2
3 (547).wav,3
3 (355).wav,3
1 (205).wav,1
4 (734).wav,4
1 (564).wav,1
5 (431).wav,5
2 (431).wav,2
1 (727).wav,1
4 (636).wav,4
7 (510).wav,7
7 (679).wav,7
2 (148).wav,2
8 (696).wav,8
1 (760).wav,1
5 (140).wav,5
2 (82).wav,2
4 (284).wav,4
4 (555).wav,4
4 (314).wav,4
5 (20).wav,5
6 (349).wav,6
1 (232).wav,1
6 (330).wav,6
3 (164).wav,3
7 (174).wav,7
8 (512).wav,8
2 (416).wav,2
2 (456).wav,2
6 (684).wav,6
2 (253).wav,2
3 (460).wav,3
6 (346).wav,6
6 (450).wav,6
6 (706).wav,6
6 (424).wav,6
2 (178).wav,2
1 (23).wav,1
2 (352).wav,2
5 (247).wav,5
7 (372).wav,7
2 (159).wav,2
2 (421).wav,2
1 (210).wav,1
8 (108).wav,8
1 (139).wav,1
8 (348).wav,8
2 (216).wav,2
6 (497).wav,6
6 (576).wav,6
6 (393).wav,6
4 (86).wav,4
6 (381).wav,6
1 (274).wav,1
4 (532).wav,4
5 (390).wav,5
4 (218).wav,4
1 (1).wav,1
5 (520).wav,5
8 (587).wav,8
2 (569).wav,2
7 (319).wav,7
4 (126).wav,4
3 (247).wav,3
5 (303).wav,5
8 (441).wav,8
4 (256).wav,4
1 (148).wav,1
2 (392).wav,2
5 (202).wav,5
8 (514).wav,8
4 (505).wav,4
1 (512).wav,1
5 (437).wav,5
2 (135).wav,2
6 (314).wav,6
2 (223).wav,2
8 (321).wav,8
5 (323).wav,5
1 (628).wav,1
3 (211).wav,3
6 (652).wav,6
8 (105).wav,8
6 (49).wav,6
2 (158).wav,2
8 (413).wav,8
7 (464).wav,7
7 (779).wav,7
7 (155).wav,7
7 (294).wav,7
1 (7).wav,1
2 (236).wav,2
4 (42).wav,4
4 (789).wav,4
7 (578).wav,7
4 (588).wav,4
7 (668).wav,7
1 (462).wav,1
7 (35).wav,7
6 (254).wav,6
6 (96).wav,6
4 (740).wav,4
1 (779).wav,1
1 (275).wav,1
6 (421).wav,6
5 (161).wav,5
6 (278).wav,6
7 (215).wav,7
1 (344).wav,1
8 (678).wav,8
6 (787).wav,6
6 (758).wav,6
7 (694).wav,7
6 (400).wav,6
7 (159).wav,7
7 (478).wav,7
5 (259).wav,5
1 (300).wav,1
7 (232).wav,7
6 (852).wav,6
4 (563).wav,4
4 (508).wav,4
8 (144).wav,8
6 (711).wav,6
7 (183).wav,7
2 (95).wav,2
8 (533).wav,8
8 (364).wav,8
5 (342).wav,5
7 (281).wav,7
5 (185).wav,5
4 (176).wav,4
7 (730).wav,7
2 (428).wav,2
1 (473).wav,1
7 (353).wav,7
8 (426).wav,8
6 (61).wav,6
4 (164).wav,4
4 (467).wav,4
1 (354).wav,1
2 (332).wav,2
8 (235).wav,8
3 (485).wav,3
7 (338).wav,7
6 (348).wav,6
4 (437).wav,4
5 (578).wav,5
5 (203).wav,5
8 (150).wav,8
7 (4).wav,7
1 (207).wav,1
6 (714).wav,6
7 (357).wav,7
6 (488).wav,6
7 (412).wav,7
4 (573).wav,4
7 (279).wav,7
7 (108).wav,7
2 (549).wav,2
2 (272).wav,2
6 (296).wav,6
5 (252).wav,5
2 (586).wav,2
1 (101).wav,1
7 (521).wav,7
6 (134).wav,6
1 (56).wav,1
4 (328).wav,4
4 (393).wav,4
6 (358).wav,6
2 (420).wav,2
2 (62).wav,2
7 (616).wav,7
6 (716).wav,6
8 (281).wav,8
6 (892).wav,6
7 (252).wav,7
7 (356).wav,7
7 (765).wav,7
1 (484).wav,1
6 (740).wav,6
6 (219).wav,6
3 (395).wav,3
5 (277).wav,5
3 (422).wav,3
2 (199).wav,2
7 (561).wav,7
4 (352).wav,4
2 (51).wav,2
6 (21).wav,6
2 (274).wav,2
1 (417).wav,1
3 (290).wav,3
2 (264).wav,2
6 (200).wav,6
1 (179).wav,1
8 (260).wav,8
5 (414).wav,5
7 (404).wav,7
6 (247).wav,6
5 (6).wav,5
5 (593).wav,5
2 (418).wav,2
3 (414).wav,3
8 (130).wav,8
8 (265).wav,8
6 (645).wav,6
5 (584).wav,5
6 (186).wav,6
6 (138).wav,6
5 (253).wav,5
1 (115).wav,1
5 (347).wav,5
1 (594).wav,1
6 (276).wav,6
6 (59).wav,6
6 (192).wav,6
3 (546).wav,3
5 (273).wav,5
8 (582).wav,8
2 (377).wav,2
8 (149).wav,8
7 (502).wav,7
6 (128).wav,6
4 (118).wav,4
2 (197).wav,2
1 (340).wav,1
5 (332).wav,5
6 (298).wav,6
7 (322).wav,7
1 (219).wav,1
5 (169).wav,5
5 (424).wav,5
6 (634).wav,6
5 (330).wav,5
1 (97).wav,1
6 (810).wav,6
5 (556).wav,5
5 (201).wav,5
6 (229).wav,6
4 (36).wav,4
2 (551).wav,2
6 (472).wav,6
7 (352).wav,7
2 (460).wav,2
5 (566).wav,5
8 (735).wav,8
4 (233).wav,4
7 (420).wav,7
8 (194).wav,8
1 (198).wav,1
3 (672).wav,3
2 (140).wav,2
1 (805).wav,1
3 (362).wav,3
3 (186).wav,3
5 (345).wav,5
6 (545).wav,6
1 (747).wav,1
3 (599).wav,3
2 (176).wav,2
1 (357).wav,1
3 (375).wav,3
7 (725).wav,7
6 (696).wav,6
4 (147).wav,4
8 (685).wav,8
5 (188).wav,5
3 (528).wav,3
2 (281).wav,2
6 (562).wav,6
2 (574).wav,2
2 (226).wav,2
5 (114).wav,5
6 (735).wav,6
4 (157).wav,4
7 (295).wav,7
6 (677).wav,6
8 (276).wav,8
8 (423).wav,8
5 (486).wav,5
5 (226).wav,5
2 (202).wav,2
4 (705).wav,4
7 (14).wav,7
6 (617).wav,6
2 (491).wav,2
8 (733).wav,8
2 (115).wav,2
1 (702).wav,1
4 (346).wav,4
8 (565).wav,8
1 (133).wav,1
3 (653).wav,3
3 (129).wav,3
5 (406).wav,5
1 (549).wav,1
7 (439).wav,7
6 (674).wav,6
6 (5).wav,6
6 (434).wav,6
3 (218).wav,3
6 (727).wav,6
4 (192).wav,4
4 (158).wav,4
5 (467).wav,5
4 (129).wav,4
7 (143).wav,7
8 (183).wav,8
8 (290).wav,8
